Tanggal;Harga
02/01/2018;122150
03/01/2018;126450
04/01/2018;107850
05/01/2018;121550
08/01/2018;121150
09/01/2018;126050
10/01/2018;119300
11/01/2018;119300
12/01/2018;126650
15/01/2018;119300
16/01/2018;119300
17/01/2018;119300
18/01/2018;119350
19/01/2018;119350
22/01/2018;126700
23/01/2018;126700
24/01/2018;126700
25/01/2018;127700
26/01/2018;126700
29/01/2018;127300
30/01/2018;120550
31/01/2018;118100
01/02/2018;105200
02/02/2018;119900
05/02/2018;119650
06/02/2018;105600
07/02/2018;119650
08/02/2018;117750
09/02/2018;125950
12/02/2018;111950
13/02/2018;126550
14/02/2018;119250
15/02/2018;121700
19/02/2018;126550
20/02/2018;119800
21/02/2018;126800
22/02/2018;126550
23/02/2018;126550
26/02/2018;119000
27/02/2018;121700
28/02/2018;126200
01/03/2018;125950
02/03/2018;125800
05/03/2018;125800
06/03/2018;125350
07/03/2018;125800
08/03/2018;126100
09/03/2018;127950
12/03/2018;127100
13/03/2018;127100
14/03/2018;127100
15/03/2018;123100
16/03/2018;121100
19/03/2018;127100
20/03/2018;127100
21/03/2018;127100
22/03/2018;123100
23/03/2018;127100
26/03/2018;127100
27/03/2018;126700
28/03/2018;127100
29/03/2018;126950
02/04/2018;127050
03/04/2018;127050
04/04/2018;123050
05/04/2018;127050
06/04/2018;113150
09/04/2018;127200
10/04/2018;127200
11/04/2018;127200
12/04/2018;127050
16/04/2018;121200
17/04/2018;121200
18/04/2018;127200
19/04/2018;123200
20/04/2018;126850
23/04/2018;126850
24/04/2018;127200
25/04/2018;127200
26/04/2018;127200
27/04/2018;121200
30/04/2018;127200
02/05/2018;121050
03/05/2018;126650
04/05/2018;127050
07/05/2018;127050
08/05/2018;127050
09/05/2018;129350
11/05/2018;127050
14/05/2018;118100
15/05/2018;124100
16/05/2018;130350
17/05/2018;129850
18/05/2018;129650
21/05/2018;128900
22/05/2018;129450
23/05/2018;129400
24/05/2018;129700
25/05/2018;129450
28/05/2018;130950
30/05/2018;130950
31/05/2018;130650
01/06/2018;130000
04/06/2018;130000
05/06/2018;114750
06/06/2018;127100
07/06/2018;127100
08/06/2018;128550
11/06/2018;130650
12/06/2018;131250
13/06/2018;133450
14/06/2018;123550
18/06/2018;128450
19/06/2018;131250
20/06/2018;127700
21/06/2018;126950
22/06/2018;127150
25/06/2018;128600
26/06/2018;127800
27/06/2018;130700
28/06/2018;127950
29/06/2018;127950
02/07/2018;129300
03/07/2018;129500
04/07/2018;129300
05/07/2018;128200
06/07/2018;128150
09/07/2018;127950
10/07/2018;129300
11/07/2018;129300
12/07/2018;122250
13/07/2018;113300
16/07/2018;129850
17/07/2018;122750
18/07/2018;129850
19/07/2018;128750
20/07/2018;102650
23/07/2018;115800
24/07/2018;128400
25/07/2018;128350
26/07/2018;114450
27/07/2018;128450
30/07/2018;128100
31/07/2018;112550
01/08/2018;127950
02/08/2018;119400
03/08/2018;128350
06/08/2018;127350
07/08/2018;120700
08/08/2018;128550
09/08/2018;128100
10/08/2018;126700
13/08/2018;127350
14/08/2018;127450
15/08/2018;128400
16/08/2018;126700
20/08/2018;128550
21/08/2018;130000
23/08/2018;127150
24/08/2018;126650
27/08/2018;126700
28/08/2018;126700
29/08/2018;126550
30/08/2018;126550
31/08/2018;126650
03/09/2018;127500
04/09/2018;127350
05/09/2018;128050
06/09/2018;128050
07/09/2018;127950
10/09/2018;127500
12/09/2018;127500
13/09/2018;127800
14/09/2018;114700
17/09/2018;127800
18/09/2018;127800
19/09/2018;115300
20/09/2018;127950
21/09/2018;128150
24/09/2018;121550
25/09/2018;128350
26/09/2018;127650
27/09/2018;127800
28/09/2018;128150
01/10/2018;128350
02/10/2018;127950
03/10/2018;115450
04/10/2018;127950
05/10/2018;128350
08/10/2018;128250
09/10/2018;128250
10/10/2018;128250
11/10/2018;128250
12/10/2018;128250
15/10/2018;128250
16/10/2018;128250
17/10/2018;128250
18/10/2018;128050
19/10/2018;128250
22/10/2018;128050
23/10/2018;128050
24/10/2018;128050
25/10/2018;128050
26/10/2018;128450
29/10/2018;128200
30/10/2018;128200
31/10/2018;128200
01/11/2018;122500
02/11/2018;128600
05/11/2018;128600
06/11/2018;124300
07/11/2018;128600
08/11/2018;124300
09/11/2018;122100
12/11/2018;128750
13/11/2018;122500
14/11/2018;128600
15/11/2018;128600
16/11/2018;128600
19/11/2018;128750
21/11/2018;129200
22/11/2018;128450
23/11/2018;128450
26/11/2018;128600
27/11/2018;128600
28/11/2018;128600
29/11/2018;128600
30/11/2018;115600
03/12/2018;128600
04/12/2018;129050
05/12/2018;128600
06/12/2018;128450
07/12/2018;128600
10/12/2018;128600
11/12/2018;128600
12/12/2018;128600
13/12/2018;128750
14/12/2018;128900
17/12/2018;128900
18/12/2018;129050
19/12/2018;128750
20/12/2018;129050
21/12/2018;130800
24/12/2018;128750
26/12/2018;130150
27/12/2018;130350
28/12/2018;117150
31/12/2018;130400
01/01/2019;125000
02/01/2019;129550
03/01/2019;129400
04/01/2019;129400
07/01/2019;129700
08/01/2019;129400
09/01/2019;129400
10/01/2019;124500
11/01/2019;129400
14/01/2019;113300
15/01/2019;129400
16/01/2019;129400
17/01/2019;129400
18/01/2019;128650
21/01/2019;128550
22/01/2019;128750
23/01/2019;128750
24/01/2019;127850
25/01/2019;127850
28/01/2019;114150
29/01/2019;129050
30/01/2019;128750
31/01/2019;128950
01/02/2019;129050
04/02/2019;129400
05/02/2019;128350
06/02/2019;129400
07/02/2019;129250
08/02/2019;129250
11/02/2019;129450
12/02/2019;129450
13/02/2019;129450
14/02/2019;129200
15/02/2019;129200
18/02/2019;129200
19/02/2019;129150
20/02/2019;124350
21/02/2019;129150
22/02/2019;129150
25/02/2019;129050
26/02/2019;129150
27/02/2019;129050
28/02/2019;129050
01/03/2019;129150
04/03/2019;129050
05/03/2019;129000
06/03/2019;129150
07/03/2019;128750
08/03/2019;122650
11/03/2019;129600
12/03/2019;130200
13/03/2019;129550
14/03/2019;129050
15/03/2019;129150
18/03/2019;129300
19/03/2019;129300
20/03/2019;129400
21/03/2019;129400
22/03/2019;116400
25/03/2019;129300
26/03/2019;129250
27/03/2019;129300
28/03/2019;129400
29/03/2019;129400
01/04/2019;129200
02/04/2019;129300
03/04/2019;130000
04/04/2019;129200
05/04/2019;129800
08/04/2019;129300
09/04/2019;129750
10/04/2019;129800
11/04/2019;129800
12/04/2019;129700
15/04/2019;129700
16/04/2019;129050
17/04/2019;128150
18/04/2019;129150
19/04/2019;128350
22/04/2019;129850
23/04/2019;130550
24/04/2019;130550
25/04/2019;130650
26/04/2019;131250
29/04/2019;115400
30/04/2019;130000
01/05/2019;128250
02/05/2019;123900
03/05/2019;130400
06/05/2019;132350
07/05/2019;132350
08/05/2019;132450
09/05/2019;132550
10/05/2019;132650
13/05/2019;132700
14/05/2019;132100
15/05/2019;132150
16/05/2019;131400
17/05/2019;132000
20/05/2019;131800
21/05/2019;132650
22/05/2019;132900
23/05/2019;132900
24/05/2019;132400
27/05/2019;132750
28/05/2019;133200
29/05/2019;133100
30/05/2019;130000
31/05/2019;136200
03/06/2019;138500
04/06/2019;140650
05/06/2019;
06/06/2019;
07/06/2019;137500
10/06/2019;133250
11/06/2019;133450
12/06/2019;133150
13/06/2019;130800
14/06/2019;116850
17/06/2019;130400
18/06/2019;126000
19/06/2019;130350
20/06/2019;130350
21/06/2019;130350
24/06/2019;130350
25/06/2019;130350
26/06/2019;130350
27/06/2019;117350
28/06/2019;130350
01/07/2019;130300
02/07/2019;130300
03/07/2019;130300
04/07/2019;130350
05/07/2019;130600
08/07/2019;130950
09/07/2019;130650
10/07/2019;130550
11/07/2019;130650
12/07/2019;130400
15/07/2019;117650
16/07/2019;131050
17/07/2019;130650
18/07/2019;130750
19/07/2019;116850
22/07/2019;130750
23/07/2019;130700
24/07/2019;130600
25/07/2019;130700
26/07/2019;130600
29/07/2019;130650
30/07/2019;130550
31/07/2019;130650
01/08/2019;117700
02/08/2019;131400
05/08/2019;130750
06/08/2019;130750
07/08/2019;131400
08/08/2019;131500
09/08/2019;132350
12/08/2019;130900
13/08/2019;130450
14/08/2019;130650
15/08/2019;117750
16/08/2019;131500
19/08/2019;131750
20/08/2019;124000
21/08/2019;131200
22/08/2019;116600
23/08/2019;131300
26/08/2019;131650
27/08/2019;117000
28/08/2019;131400
29/08/2019;130550
30/08/2019;131200
02/09/2019;117200
03/09/2019;130300
04/09/2019;130350
05/09/2019;130400
06/09/2019;130400
09/09/2019;131400
10/09/2019;131350
11/09/2019;131600
12/09/2019;131400
13/09/2019;132150
16/09/2019;131750
17/09/2019;131450
18/09/2019;131450
19/09/2019;132600
20/09/2019;132250
23/09/2019;133550
24/09/2019;133300
25/09/2019;132900
26/09/2019;133000
27/09/2019;132900
30/09/2019;132500
01/10/2019;132500
02/10/2019;132950
03/10/2019;132950
04/10/2019;132850
07/10/2019;132900
08/10/2019;132800
09/10/2019;132750
10/10/2019;132200
11/10/2019;112850
14/10/2019;132250
15/10/2019;132250
16/10/2019;132900
17/10/2019;132900
18/10/2019;133000
21/10/2019;132000
22/10/2019;132000
23/10/2019;132000
24/10/2019;132050
25/10/2019;132000
28/10/2019;131900
29/10/2019;131900
30/10/2019;131500
31/10/2019;131550
01/11/2019;131900
04/11/2019;131900
05/11/2019;131950
06/11/2019;131900
07/11/2019;131950
08/11/2019;131950
11/11/2019;131950
12/11/2019;132000
13/11/2019;131650
14/11/2019;131900
15/11/2019;131750
18/11/2019;131800
19/11/2019;131600
20/11/2019;131750
21/11/2019;131850
22/11/2019;118050
25/11/2019;131600
26/11/2019;131650
27/11/2019;131700
28/11/2019;131950
29/11/2019;132000
02/12/2019;131950
03/12/2019;132000
04/12/2019;132000
05/12/2019;132300
06/12/2019;132000
09/12/2019;132000
10/12/2019;132100
11/12/2019;132100
12/12/2019;131950
13/12/2019;131450
16/12/2019;132250
17/12/2019;132300
18/12/2019;132300
19/12/2019;132250
20/12/2019;131800
23/12/2019;133200
24/12/2019;132500
25/12/2019;131900
26/12/2019;133700
27/12/2019;133650
30/12/2019;132400
31/12/2019;132400
01/01/2020;130000
02/01/2020;130800
03/01/2020;130750
06/01/2020;126450
07/01/2020;130850
08/01/2020;130600
09/01/2020;130750
10/01/2020;130700
13/01/2020;130800
14/01/2020;131100
15/01/2020;130750
16/01/2020;130850
17/01/2020;130750
20/01/2020;130700
21/01/2020;130750
22/01/2020;130750
23/01/2020;131000
24/01/2020;130950
27/01/2020;130900
28/01/2020;130900
29/01/2020;130950
30/01/2020;130900
31/01/2020;131650
03/02/2020;131600
04/02/2020;131600
05/02/2020;131600
06/02/2020;131600
07/02/2020;131600
10/02/2020;131600
11/02/2020;131600
12/02/2020;131600
13/02/2020;131550
14/02/2020;131550
17/02/2020;131600
18/02/2020;131600
19/02/2020;131500
20/02/2020;131500
21/02/2020;131500
24/02/2020;131600
25/02/2020;131200
26/02/2020;131200
27/02/2020;131200
28/02/2020;131200
02/03/2020;131600
03/03/2020;131600
04/03/2020;131600
05/03/2020;131650
06/03/2020;131650
09/03/2020;131600
10/03/2020;131600
11/03/2020;131600
12/03/2020;131550
13/03/2020;131550
16/03/2020;131650
17/03/2020;131600
18/03/2020;131600
19/03/2020;131750
20/03/2020;131600
23/03/2020;132500
24/03/2020;132850
25/03/2020;133000
26/03/2020;132450
27/03/2020;132400
30/03/2020;131950
31/03/2020;131950
01/04/2020;131500
02/04/2020;131600
03/04/2020;131600
06/04/2020;131400
07/04/2020;131400
08/04/2020;131400
09/04/2020;131400
10/04/2020;131950
13/04/2020;131400
14/04/2020;131400
15/04/2020;130850
16/04/2020;130950
17/04/2020;130850
20/04/2020;131050
21/04/2020;131000
22/04/2020;130850
23/04/2020;130800
24/04/2020;130800
27/04/2020;130800
28/04/2020;131050
29/04/2020;131650
30/04/2020;131950
01/05/2020;132250
04/05/2020;131950
05/05/2020;131950
06/05/2020;127100
07/05/2020;131900
08/05/2020;131450
11/05/2020;132550
12/05/2020;132600
13/05/2020;132550
14/05/2020;132550
15/05/2020;132550
18/05/2020;136450
19/05/2020;137450
20/05/2020;138200
21/05/2020;138250
22/05/2020;143400
25/05/2020;
26/05/2020;136450
27/05/2020;136450
28/05/2020;135200
29/05/2020;134800
01/06/2020;132000
02/06/2020;133350
03/06/2020;133300
04/06/2020;133300
05/06/2020;133200
08/06/2020;133350
09/06/2020;133350
10/06/2020;126900
11/06/2020;133400
12/06/2020;133350
15/06/2020;133300
16/06/2020;133300
17/06/2020;133300
18/06/2020;132350
19/06/2020;132300
22/06/2020;132300
23/06/2020;132100
24/06/2020;132000
25/06/2020;131650
26/06/2020;131000
29/06/2020;131650
30/06/2020;132050
01/07/2020;131650
02/07/2020;131650
03/07/2020;132200
06/07/2020;131550
07/07/2020;132100
08/07/2020;131750
09/07/2020;131750
10/07/2020;131750
13/07/2020;131800
14/07/2020;132150
15/07/2020;131800
16/07/2020;131800
17/07/2020;131800
20/07/2020;131800
21/07/2020;131600
22/07/2020;131600
23/07/2020;132250
24/07/2020;131850
27/07/2020;132000
28/07/2020;132250
29/07/2020;133450
30/07/2020;134800
31/07/2020;
03/08/2020;133750
04/08/2020;128250
05/08/2020;132850
06/08/2020;132500
07/08/2020;133750
10/08/2020;132500
11/08/2020;131950
12/08/2020;132300
13/08/2020;133100
14/08/2020;133150
17/08/2020;129500
18/08/2020;132350
19/08/2020;131950
20/08/2020;127250
21/08/2020;129650
24/08/2020;132350
25/08/2020;132000
26/08/2020;126750
27/08/2020;132000
28/08/2020;132000
31/08/2020;132150
01/09/2020;132300
02/09/2020;131950
03/09/2020;131750
04/09/2020;131750
07/09/2020;132050
08/09/2020;131950
09/09/2020;130950
10/09/2020;131050
11/09/2020;131050
14/09/2020;131750
15/09/2020;131050
16/09/2020;131050
17/09/2020;131300
18/09/2020;131300
21/09/2020;131950
22/09/2020;131550
23/09/2020;131550
24/09/2020;131550
25/09/2020;131550
28/09/2020;132150
29/09/2020;131550
30/09/2020;131550
01/10/2020;131550
02/10/2020;131050
05/10/2020;131950
06/10/2020;131600
07/10/2020;131600
08/10/2020;131600
09/10/2020;131600
12/10/2020;131600
13/10/2020;132000
14/10/2020;124300
15/10/2020;131600
16/10/2020;131600
19/10/2020;131600
20/10/2020;132150
21/10/2020;131600
22/10/2020;131850
23/10/2020;131850
26/10/2020;132250
27/10/2020;132050
28/10/2020;127250
29/10/2020;127250
30/10/2020;127250
02/11/2020;132000
03/11/2020;131500
04/11/2020;131600
05/11/2020;131600
06/11/2020;131600
09/11/2020;132000
10/11/2020;131800
11/11/2020;131550
12/11/2020;131600
13/11/2020;131600
16/11/2020;125500
17/11/2020;131600
18/11/2020;131600
19/11/2020;131600
20/11/2020;132800
23/11/2020;131300
24/11/2020;131350
25/11/2020;131350
26/11/2020;131900
27/11/2020;131500
30/11/2020;131500
01/12/2020;131600
02/12/2020;131600
03/12/2020;131600
04/12/2020;131600
07/12/2020;131550
08/12/2020;131550
09/12/2020;128700
10/12/2020;132050
11/12/2020;131700
14/12/2020;131500
15/12/2020;131500
16/12/2020;131500
17/12/2020;131350
18/12/2020;131700
21/12/2020;117500
22/12/2020;131700
23/12/2020;132050
24/12/2020;129850
25/12/2020;127250
28/12/2020;131800
29/12/2020;132200
30/12/2020;132150
31/12/2020;127500
01/01/2021;130000
04/01/2021;131800
05/01/2021;132400
06/01/2021;131950
07/01/2021;132250
08/01/2021;131950
11/01/2021;132100
12/01/2021;131950
13/01/2021;131700
14/01/2021;132800
15/01/2021;132800
18/01/2021;132950
19/01/2021;132700
20/01/2021;132700
21/01/2021;132800
22/01/2021;133450
25/01/2021;133900
26/01/2021;133900
27/01/2021;134050
28/01/2021;133900
29/01/2021;133900
01/02/2021;131750
02/02/2021;132100
03/02/2021;132250
04/02/2021;132200
05/02/2021;132200
08/02/2021;132400
09/02/2021;132650
10/02/2021;132400
11/02/2021;132400
12/02/2021;124650
15/02/2021;132950
16/02/2021;134000
17/02/2021;133450
18/02/2021;132700
19/02/2021;133100
22/02/2021;133000
23/02/2021;133950
24/02/2021;133850
25/02/2021;132600
26/02/2021;133300
01/03/2021;132600
02/03/2021;132900
03/03/2021;132600
04/03/2021;132700
05/03/2021;133800
08/03/2021;133050
09/03/2021;133700
10/03/2021;133550
11/03/2021;132800
12/03/2021;133050
15/03/2021;132950
16/03/2021;124600
17/03/2021;132850
18/03/2021;133100
19/03/2021;132950
22/03/2021;132700
23/03/2021;133200
24/03/2021;132950
25/03/2021;132950
26/03/2021;132900
29/03/2021;132800
30/03/2021;132700
31/03/2021;132500
01/04/2021;134000
02/04/2021;131650
05/04/2021;133150
06/04/2021;131750
07/04/2021;131750
08/04/2021;131700
09/04/2021;131750
12/04/2021;128300
13/04/2021;128150
14/04/2021;133400
15/04/2021;133050
16/04/2021;133400
19/04/2021;133850
20/04/2021;133700
21/04/2021;133050
22/04/2021;133250
23/04/2021;132750
26/04/2021;132700
27/04/2021;132850
28/04/2021;132850
29/04/2021;132850
30/04/2021;133100
03/05/2021;132850
04/05/2021;132700
05/05/2021;132600
06/05/2021;130250
07/05/2021;133950
10/05/2021;140000
11/05/2021;142900
12/05/2021;145500
13/05/2021;
14/05/2021;
17/05/2021;139600
18/05/2021;135700
19/05/2021;136350
20/05/2021;135500
21/05/2021;135000
24/05/2021;134900
25/05/2021;134450
26/05/2021;133350
27/05/2021;134700
28/05/2021;137200
31/05/2021;134250
01/06/2021;132000
02/06/2021;137950
03/06/2021;134000
04/06/2021;134900
07/06/2021;135200
08/06/2021;133300
09/06/2021;133500
10/06/2021;133550
11/06/2021;133300
14/06/2021;135150
15/06/2021;133300
16/06/2021;133950
17/06/2021;133950
18/06/2021;135700
21/06/2021;135700
22/06/2021;120800
23/06/2021;136350
24/06/2021;136050
25/06/2021;134300
28/06/2021;135200
29/06/2021;136000
30/06/2021;136300
01/07/2021;135700
02/07/2021;136300
05/07/2021;136450
06/07/2021;136750
07/07/2021;135500
08/07/2021;135500
09/07/2021;136750
12/07/2021;134600
13/07/2021;134600
14/07/2021;134900
15/07/2021;134600
16/07/2021;134600
19/07/2021;134750
20/07/2021;140000
21/07/2021;135550
22/07/2021;136300
23/07/2021;136250
26/07/2021;136300
27/07/2021;136650
28/07/2021;135200
29/07/2021;135500
30/07/2021;135800
02/08/2021;134950
03/08/2021;135150
04/08/2021;134900
05/08/2021;134650
06/08/2021;134350
09/08/2021;134350
10/08/2021;128100
11/08/2021;130500
12/08/2021;135200
13/08/2021;134100
16/08/2021;134300
17/08/2021;139150
18/08/2021;134250
19/08/2021;134650
20/08/2021;133700
23/08/2021;135250
24/08/2021;134850
25/08/2021;119200
26/08/2021;135800
27/08/2021;133650
30/08/2021;134600
31/08/2021;134250
01/09/2021;134250
02/09/2021;134250
03/09/2021;135150
06/09/2021;134250
07/09/2021;134450
08/09/2021;120450
09/09/2021;135150
10/09/2021;134350
13/09/2021;134900
14/09/2021;134500
15/09/2021;134950
16/09/2021;134950
17/09/2021;134400
20/09/2021;134650
21/09/2021;130000
22/09/2021;135200
23/09/2021;134500
24/09/2021;134950
27/09/2021;135050
28/09/2021;135050
29/09/2021;135050
30/09/2021;135900
01/10/2021;135900
04/10/2021;134400
05/10/2021;134500
06/10/2021;134950
07/10/2021;134400
08/10/2021;134400
11/10/2021;134500
12/10/2021;134500
13/10/2021;134450
14/10/2021;134500
15/10/2021;134450
18/10/2021;135150
19/10/2021;134350
20/10/2021;135750
21/10/2021;134450
22/10/2021;134050
25/10/2021;135000
26/10/2021;135000
27/10/2021;135250
28/10/2021;135300
29/10/2021;135650
01/11/2021;135300
02/11/2021;135650
03/11/2021;135300
04/11/2021;135500
05/11/2021;135500
08/11/2021;135500
09/11/2021;135500
10/11/2021;136450
11/11/2021;135500
12/11/2021;135500
15/11/2021;135500
16/11/2021;135500
17/11/2021;135500
18/11/2021;135600
19/11/2021;136400
22/11/2021;134850
23/11/2021;134850
24/11/2021;134800
25/11/2021;135000
26/11/2021;134900
29/11/2021;134700
30/11/2021;134700
01/12/2021;135000
02/12/2021;134900
03/12/2021;135500
06/12/2021;135150
07/12/2021;134700
08/12/2021;134950
09/12/2021;134700
10/12/2021;134900
13/12/2021;134950
14/12/2021;135050
15/12/2021;134950
16/12/2021;135150
17/12/2021;120850
20/12/2021;135350
21/12/2021;135350
22/12/2021;128000
23/12/2021;129150
24/12/2021;121000
27/12/2021;134850
28/12/2021;128400
29/12/2021;134950
30/12/2021;136000
31/12/2021;120000
03/01/2022;136100
04/01/2022;135750
05/01/2022;135800
06/01/2022;135650
07/01/2022;135950
10/01/2022;130750
11/01/2022;135000
12/01/2022;135050
13/01/2022;135000
14/01/2022;135100
17/01/2022;135050
18/01/2022;135350
19/01/2022;135100
20/01/2022;135700
21/01/2022;135700
24/01/2022;135250
25/01/2022;135250
26/01/2022;135250
27/01/2022;135250
28/01/2022;135350
31/01/2022;135300
01/02/2022;135650
02/02/2022;135300
03/02/2022;135150
04/02/2022;135400
07/02/2022;135200
08/02/2022;135250
09/02/2022;135400
10/02/2022;135550
11/02/2022;136600
14/02/2022;135950
15/02/2022;136200
16/02/2022;136200
17/02/2022;136200
18/02/2022;136800
21/02/2022;135150
22/02/2022;135150
23/02/2022;136200
24/02/2022;136200
25/02/2022;136300
28/02/2022;138500
01/03/2022;137850
02/03/2022;137500
03/03/2022;140000
04/03/2022;137500
07/03/2022;137500
08/03/2022;137300
09/03/2022;138050
10/03/2022;138150
11/03/2022;138350
14/03/2022;138900
15/03/2022;138250
16/03/2022;138900
17/03/2022;139600
18/03/2022;139950
21/03/2022;138050
22/03/2022;138900
23/03/2022;138800
24/03/2022;139050
25/03/2022;140200
28/03/2022;141150
29/03/2022;141350
30/03/2022;141150
31/03/2022;141600
01/04/2022;141550
04/04/2022;142800
05/04/2022;144050
06/04/2022;143700
07/04/2022;143600
08/04/2022;144650
11/04/2022;143950
12/04/2022;143950
13/04/2022;144800
14/04/2022;144700
15/04/2022;146250
18/04/2022;143700
19/04/2022;143500
20/04/2022;143550
21/04/2022;144050
22/04/2022;142450
25/04/2022;144300
26/04/2022;145150
27/04/2022;149000
28/04/2022;151650
29/04/2022;161000
02/05/2022;
03/05/2022;
04/05/2022;163350
05/05/2022;157800
06/05/2022;156650
09/05/2022;150450
10/05/2022;150300
11/05/2022;149650
12/05/2022;148450
13/05/2022;148450
16/05/2022;148500
17/05/2022;148900
18/05/2022;148650
19/05/2022;148600
20/05/2022;148300
23/05/2022;148800
24/05/2022;148800
25/05/2022;148550
26/05/2022;146750
27/05/2022;147000
30/05/2022;147500
31/05/2022;146900
01/06/2022;150000
02/06/2022;147200
03/06/2022;145950
06/06/2022;144950
07/06/2022;144800
08/06/2022;144800
09/06/2022;147400
10/06/2022;147400
13/06/2022;146450
14/06/2022;146550
15/06/2022;145300
16/06/2022;147000
17/06/2022;146950
20/06/2022;147050
21/06/2022;145800
22/06/2022;145700
23/06/2022;145800
24/06/2022;146150
27/06/2022;145900
28/06/2022;145900
29/06/2022;146250
30/06/2022;145900
01/07/2022;145700
04/07/2022;147400
05/07/2022;139850
06/07/2022;147700
07/07/2022;149150
08/07/2022;150450
11/07/2022;149550
12/07/2022;149150
13/07/2022;150100
14/07/2022;150650
15/07/2022;150500
18/07/2022;150050
19/07/2022;150650
20/07/2022;148800
21/07/2022;148650
22/07/2022;148650
25/07/2022;148500
26/07/2022;148500
27/07/2022;148650
28/07/2022;148100
29/07/2022;148100
01/08/2022;148400
02/08/2022;148150
03/08/2022;148150
04/08/2022;147900
05/08/2022;147900
08/08/2022;148250
09/08/2022;148050
10/08/2022;148050
11/08/2022;149450
12/08/2022;148650
15/08/2022;148050
16/08/2022;147550
17/08/2022;146700
18/08/2022;147600
19/08/2022;147200
22/08/2022;148800
23/08/2022;148800
24/08/2022;148600
25/08/2022;148900
26/08/2022;148700
29/08/2022;149300
30/08/2022;150650
31/08/2022;150300
01/09/2022;149550
02/09/2022;141200
05/09/2022;150450
06/09/2022;151000
07/09/2022;151650
08/09/2022;152550
09/09/2022;152900
12/09/2022;153200
13/09/2022;153300
14/09/2022;153350
15/09/2022;148050
16/09/2022;154500
19/09/2022;154250
20/09/2022;154500
21/09/2022;149100
22/09/2022;154500
23/09/2022;154500
26/09/2022;154250
27/09/2022;155900
28/09/2022;155050
29/09/2022;155150
30/09/2022;155900
03/10/2022;154550
04/10/2022;154550
05/10/2022;154500
06/10/2022;154550
07/10/2022;154400
10/10/2022;154550
11/10/2022;154500
12/10/2022;154500
13/10/2022;154700
14/10/2022;155250
17/10/2022;154550
18/10/2022;154400
19/10/2022;153850
20/10/2022;154400
21/10/2022;151750
24/10/2022;154950
25/10/2022;154650
26/10/2022;154450
27/10/2022;154650
28/10/2022;154450
31/10/2022;154450
01/11/2022;154450
02/11/2022;154450
03/11/2022;154650
04/11/2022;153900
07/11/2022;153900
08/11/2022;154450
09/11/2022;154650
10/11/2022;154450
11/11/2022;137650
14/11/2022;154450
15/11/2022;153900
16/11/2022;155300
17/11/2022;147500
18/11/2022;154700
21/11/2022;153900
22/11/2022;154700
23/11/2022;154700
24/11/2022;154600
25/11/2022;154500
28/11/2022;153650
29/11/2022;153650
30/11/2022;153650
01/12/2022;153650
02/12/2022;153650
05/12/2022;154600
06/12/2022;154600
07/12/2022;154600
08/12/2022;154600
09/12/2022;154500
12/12/2022;154600
13/12/2022;153650
14/12/2022;154600
15/12/2022;155050
16/12/2022;155050
19/12/2022;154550
20/12/2022;151700
21/12/2022;152300
22/12/2022;151700
23/12/2022;134300
26/12/2022;153700
27/12/2022;154200
28/12/2022;154300
29/12/2022;154300
30/12/2022;154300
02/01/2023;152950
03/01/2023;152900
04/01/2023;152700
05/01/2023;153900
06/01/2023;153250
09/01/2023;156700
10/01/2023;157300
11/01/2023;156700
12/01/2023;156050
13/01/2023;157600
16/01/2023;157050
17/01/2023;157600
18/01/2023;157050
19/01/2023;157600
20/01/2023;157600
23/01/2023;155500
24/01/2023;156050
25/01/2023;157600
26/01/2023;157600
27/01/2023;157050
30/01/2023;157650
31/01/2023;157100
01/02/2023;157650
02/02/2023;157650
03/02/2023;157150
06/02/2023;157600
07/02/2023;157050
08/02/2023;155950
09/02/2023;156500
10/02/2023;153150
13/02/2023;157050
14/02/2023;156700
15/02/2023;156700
16/02/2023;156700
17/02/2023;156150
20/02/2023;158200
21/02/2023;157300
22/02/2023;157300
23/02/2023;157200
24/02/2023;158150
27/02/2023;156650
28/02/2023;156050
01/03/2023;156100
02/03/2023;156100
03/03/2023;156150
06/03/2023;156100
07/03/2023;155500
08/03/2023;156300
09/03/2023;157800
10/03/2023;157300
13/03/2023;156100
14/03/2023;156950
15/03/2023;156650
16/03/2023;157500
17/03/2023;157200
20/03/2023;158350
21/03/2023;158350
22/03/2023;157500
23/03/2023;157750
24/03/2023;159500
27/03/2023;157300
28/03/2023;158450
29/03/2023;157350
30/03/2023;156150
31/03/2023;156150
03/04/2023;157400
04/04/2023;157850
05/04/2023;157700
06/04/2023;158350
07/04/2023;160500
10/04/2023;159100
11/04/2023;158850
12/04/2023;159800
13/04/2023;160700
14/04/2023;161000
17/04/2023;160650
18/04/2023;168350
19/04/2023;178500
20/04/2023;181000
21/04/2023;189000
24/04/2023;
25/04/2023;
26/04/2023;166450
27/04/2023;166350
28/04/2023;163000
01/05/2023;162000
02/05/2023;162050
03/05/2023;161050
04/05/2023;162150
05/05/2023;161000
08/05/2023;158500
09/05/2023;139800
10/05/2023;157350
11/05/2023;157850
12/05/2023;157850
15/05/2023;158150
16/05/2023;159000
17/05/2023;159000
18/05/2023;162500
19/05/2023;159000
22/05/2023;159000
23/05/2023;159000
24/05/2023;158950
25/05/2023;158350
26/05/2023;147550
29/05/2023;158650
30/05/2023;150100
31/05/2023;158950
01/06/2023;162000
02/06/2023;162000
05/06/2023;161150
06/06/2023;156350
07/06/2023;156350
08/06/2023;161650
09/06/2023;161650
12/06/2023;156300
13/06/2023;160000
14/06/2023;160000
15/06/2023;162200
16/06/2023;161650
19/06/2023;162000
20/06/2023;159350
21/06/2023;160500
22/06/2023;160850
23/06/2023;160600
26/06/2023;159150
27/06/2023;160300
28/06/2023;163350
29/06/2023;160000
30/06/2023;164400
03/07/2023;161100
04/07/2023;160750
05/07/2023;161100
06/07/2023;161100
07/07/2023;159600
10/07/2023;160450
11/07/2023;159300
12/07/2023;159150
13/07/2023;160750
14/07/2023;160750
17/07/2023;157950
18/07/2023;156500
19/07/2023;159500
20/07/2023;157950
21/07/2023;157950
24/07/2023;157900
25/07/2023;156450
26/07/2023;155800
27/07/2023;155850
28/07/2023;156250
31/07/2023;155850
01/08/2023;154750
02/08/2023;155700
03/08/2023;142450
04/08/2023;149800
07/08/2023;147100
08/08/2023;154200
09/08/2023;154200
10/08/2023;153500
11/08/2023;138600
14/08/2023;159000
15/08/2023;159000
16/08/2023;158650
17/08/2023;159500
18/08/2023;159000
21/08/2023;158650
22/08/2023;158650
23/08/2023;158650
24/08/2023;140500
25/08/2023;158650
28/08/2023;157550
29/08/2023;157900
30/08/2023;157900
31/08/2023;156450
01/09/2023;157550
04/09/2023;156450
05/09/2023;157550
06/09/2023;157900
07/09/2023;151000
08/09/2023;157500
11/09/2023;157500
12/09/2023;153300
13/09/2023;158400
14/09/2023;150100
15/09/2023;158400
18/09/2023;153300
19/09/2023;150100
20/09/2023;158950
21/09/2023;159200
22/09/2023;158650
25/09/2023;157350
26/09/2023;158450
27/09/2023;157700
28/09/2023;159500
29/09/2023;158700
02/10/2023;156250
03/10/2023;156600
04/10/2023;156600
05/10/2023;156250
06/10/2023;156250
09/10/2023;157700
10/10/2023;156300
11/10/2023;154450
12/10/2023;152450
13/10/2023;152450
16/10/2023;152450
17/10/2023;156300
18/10/2023;149800
19/10/2023;147700
20/10/2023;155200
23/10/2023;158350
24/10/2023;155050
25/10/2023;139650
26/10/2023;139650
27/10/2023;153500
30/10/2023;148950
31/10/2023;149150
01/11/2023;158750
02/11/2023;159000
03/11/2023;157450
06/11/2023;159150
07/11/2023;159200
08/11/2023;159550
09/11/2023;159400
10/11/2023;159450
13/11/2023;159700
14/11/2023;159300
15/11/2023;157650
16/11/2023;159300
17/11/2023;158900
20/11/2023;160450
21/11/2023;160050
22/11/2023;160450
23/11/2023;160450
24/11/2023;160450
27/11/2023;154350
28/11/2023;159550
29/11/2023;159250
30/11/2023;159250
01/12/2023;158000
04/12/2023;151650
05/12/2023;159550
06/12/2023;159550
07/12/2023;159550
08/12/2023;159350
11/12/2023;159600
12/12/2023;159400
13/12/2023;156650
14/12/2023;159400
15/12/2023;141650
18/12/2023;158100
19/12/2023;159500
20/12/2023;158500
21/12/2023;159200
22/12/2023;159200
25/12/2023;158000
26/12/2023;158000
27/12/2023;159200
28/12/2023;159500
29/12/2023;159500
01/01/2024;160000
02/01/2024;159250
03/01/2024;159500
04/01/2024;159500
05/01/2024;159200
08/01/2024;160000
09/01/2024;159800
10/01/2024;160100
11/01/2024;160350
12/01/2024;159150
15/01/2024;159450
16/01/2024;159450
17/01/2024;159450
18/01/2024;159450
19/01/2024;159050
22/01/2024;159550
23/01/2024;159250
24/01/2024;159550
25/01/2024;159900
26/01/2024;160100
29/01/2024;159250
30/01/2024;150000
31/01/2024;158900
01/02/2024;159000
02/02/2024;159100
05/02/2024;159100
06/02/2024;159100
07/02/2024;159150
08/02/2024;158350
09/02/2024;158350
12/02/2024;159100
13/02/2024;159000
14/02/2024;157500
15/02/2024;159000
16/02/2024;158700
19/02/2024;159100
20/02/2024;159100
21/02/2024;159100
22/02/2024;159100
23/02/2024;159000
26/02/2024;159250
27/02/2024;142300
28/02/2024;158950
29/02/2024;158450
01/03/2024;156650
04/03/2024;160100
05/03/2024;159800
06/03/2024;160300
07/03/2024;160600
08/03/2024;158500
11/03/2024;159200
12/03/2024;162900
13/03/2024;159800
14/03/2024;159800
15/03/2024;158550
18/03/2024;160100
19/03/2024;160300
20/03/2024;158350
21/03/2024;159800
22/03/2024;160350
25/03/2024;158850
26/03/2024;159800
27/03/2024;157350
28/03/2024;156900
29/03/2024;158000
01/04/2024;160250
02/04/2024;160050
03/04/2024;158000
04/04/2024;159800
05/04/2024;159900
08/04/2024;166100
09/04/2024;175550
10/04/2024;
11/04/2024;
12/04/2024;165000
15/04/2024;164400
16/04/2024;158800
17/04/2024;161200
18/04/2024;159850
19/04/2024;159300
22/04/2024;159600
23/04/2024;159050
24/04/2024;151550
25/04/2024;159450
26/04/2024;158750
29/04/2024;158200
30/04/2024;157350
01/05/2024;155000
02/05/2024;157250
03/05/2024;157000
06/05/2024;157300
07/05/2024;158200
08/05/2024;154850
09/05/2024;158900
10/05/2024;158900
13/05/2024;158200
14/05/2024;157100
15/05/2024;158200
16/05/2024;158600
17/05/2024;159850
20/05/2024;157650
21/05/2024;157100
22/05/2024;158200
23/05/2024;158900
24/05/2024;158900
27/05/2024;156550
28/05/2024;149100
29/05/2024;149100
30/05/2024;149600
31/05/2024;149000
03/06/2024;149900
04/06/2024;151000
05/06/2024;149200
06/06/2024;150500
07/06/2024;158800
10/06/2024;159000
11/06/2024;158900
12/06/2024;157800
13/06/2024;158800
14/06/2024;159850
17/06/2024;166650
18/06/2024;164500
19/06/2024;160050
20/06/2024;160050
21/06/2024;160050
24/06/2024;159600
25/06/2024;159750
26/06/2024;159450
27/06/2024;160700
28/06/2024;159450
01/07/2024;159500
02/07/2024;153500
03/07/2024;159500
04/07/2024;159350
05/07/2024;159550
08/07/2024;159500
09/07/2024;158650
10/07/2024;159500
11/07/2024;159500
12/07/2024;159300
15/07/2024;158200
16/07/2024;143400
17/07/2024;159300
18/07/2024;159300
19/07/2024;158200
22/07/2024;158300
23/07/2024;158200
24/07/2024;158400
25/07/2024;158400
26/07/2024;159250
29/07/2024;158400
30/07/2024;158950
31/07/2024;159300
01/08/2024;158400
02/08/2024;158200
05/08/2024;158200
06/08/2024;158400
07/08/2024;158400
08/08/2024;159250
09/08/2024;159500
12/08/2024;158400
13/08/2024;158200
14/08/2024;158200
15/08/2024;158200
16/08/2024;158200
19/08/2024;158200
20/08/2024;159500
21/08/2024;159500
22/08/2024;159500
23/08/2024;159500
26/08/2024;158150
27/08/2024;158300
28/08/2024;158300
29/08/2024;158300
30/08/2024;158300
02/09/2024;157600
03/09/2024;158150
04/09/2024;156550
05/09/2024;158150
06/09/2024;158300
09/09/2024;158150
10/09/2024;158100
11/09/2024;158150
12/09/2024;156050
13/09/2024;157600
16/09/2024;158600
17/09/2024;158300
18/09/2024;143200
19/09/2024;157900
20/09/2024;157700
23/09/2024;157150
24/09/2024;157950
25/09/2024;157150
26/09/2024;157200
27/09/2024;157750
30/09/2024;157900
01/10/2024;157900
02/10/2024;157900
03/10/2024;158650
04/10/2024;157700
07/10/2024;155550
08/10/2024;157700
09/10/2024;149000
10/10/2024;157700
11/10/2024;155550
14/10/2024;157700
15/10/2024;157150
16/10/2024;155600
17/10/2024;157200
18/10/2024;157500
21/10/2024;158050
22/10/2024;158050
23/10/2024;157500
24/10/2024;154200
25/10/2024;158650
28/10/2024;157500
29/10/2024;158350
30/10/2024;159250
31/10/2024;159050
01/11/2024;158400
04/11/2024;158950
05/11/2024;158500
06/11/2024;158500
07/11/2024;158950
08/11/2024;158550
11/11/2024;158500
12/11/2024;158500
13/11/2024;158500
14/11/2024;158450
15/11/2024;151000
18/11/2024;158500
19/11/2024;158500
20/11/2024;158500
21/11/2024;158400
22/11/2024;158400
25/11/2024;147050
26/11/2024;158500
27/11/2024;161050
28/11/2024;157600
29/11/2024;157600
02/12/2024;158150
03/12/2024;158150
04/12/2024;157600
05/12/2024;158150
06/12/2024;158150
09/12/2024;158150
10/12/2024;157600
11/12/2024;159150
12/12/2024;158150
13/12/2024;158150
16/12/2024;158150
17/12/2024;157600
18/12/2024;157600
19/12/2024;158550
20/12/2024;157600
23/12/2024;157600
24/12/2024;157850
25/12/2024;163450
26/12/2024;167200
27/12/2024;158700
30/12/2024;158950
31/12/2024;155700
01/01/2025;165000
02/01/2025;157950
03/01/2025;157900
06/01/2025;158400
07/01/2025;158700
08/01/2025;157900
09/01/2025;158700
10/01/2025;155400
13/01/2025;157000
14/01/2025;157850
15/01/2025;157850
16/01/2025;155400
17/01/2025;159800
20/01/2025;157850
21/01/2025;150350
22/01/2025;158700
23/01/2025;157800
24/01/2025;158700
27/01/2025;171100
28/01/2025;157200
29/01/2025;158150
30/01/2025;158700
31/01/2025;158700
03/02/2025;157000
04/02/2025;157600
05/02/2025;158400
06/02/2025;158350
07/02/2025;159200
10/02/2025;156950
11/02/2025;157800
12/02/2025;157800
13/02/2025;157800
14/02/2025;157800
17/02/2025;157800
18/02/2025;158650
19/02/2025;158750
20/02/2025;154650
21/02/2025;155450
24/02/2025;158350
25/02/2025;156650
26/02/2025;156650
27/02/2025;156650
28/02/2025;156650
03/03/2025;156250
04/03/2025;156650
05/03/2025;156650
06/03/2025;156250
07/03/2025;156650
10/03/2025;156650
11/03/2025;156650
12/03/2025;157200
13/03/2025;157800
14/03/2025;158350
17/03/2025;158350
18/03/2025;156650
19/03/2025;157200
20/03/2025;157200
21/03/2025;157200
24/03/2025;158900
25/03/2025;158900
26/03/2025;165550
27/03/2025;165550
28/03/2025;166100
31/03/2025;
01/04/2025;
02/04/2025;156650
03/04/2025;154300
04/04/2025;155000
07/04/2025;155550
08/04/2025;155550
09/04/2025;152500
10/04/2025;152800
11/04/2025;151900
14/04/2025;155650
15/04/2025;156100
16/04/2025;156100
17/04/2025;156100
18/04/2025;156100
21/04/2025;156100
22/04/2025;156100
23/04/2025;156100
24/04/2025;140100
25/04/2025;156100
28/04/2025;156100
29/04/2025;156100
30/04/2025;156100
01/05/2025;155000
02/05/2025;155000
05/05/2025;155000
06/05/2025;156100
07/05/2025;156100
08/05/2025;156100
09/05/2025;155650
12/05/2025;156100
13/05/2025;155650
14/05/2025;156100
15/05/2025;156100
16/05/2025;156100
19/05/2025;156100
20/05/2025;156100
21/05/2025;156100
22/05/2025;156100
23/05/2025;156100
26/05/2025;156100
27/05/2025;156100
28/05/2025;156100
29/05/2025;156100
30/05/2025;156100
